questionText,topic,intent,role,scope,keywords
지원 직무를 수행하기 위해 했던 노력이나 활동에 어떤 것들이 있나요?,직무 핵심 역량,성과/기여,ALL,ALL,"직무, 노력, 활동"
주변에서 말하는 지원자의 장단점이 있다면 무엇인가요?,경험/행동,자기관리,ALL,ALL,"주변, 장단점"
"지원자가 같이 일하고 싶은 동료는 어떤 동료고, 같이 일하고 싶지 않는 동료는 어떤 동료인가요?",협업/커뮤니케이션,리더십,ALL,ALL,"동료, 같이"
해당 부서가 어떤 사업을 하는 곳인지 알고 있나요?,회사/제품 이해,기타,ALL,ALL,"부서, 사업"
본인이 가장 힘들었던 경험과 그것을 극복한 사례를 말해주세요.,경험/행동,자기관리,ALL,ALL,"경험, 극복, 사례"
본인이 스트레스를 받는 경우와 그것을 해소하는 방법에 대해 말해주세요.,경험/행동,자기관리,ALL,ALL,"스트레스, 해소, 방법"
"취업(or 이직) 공백기가 왜 생겼고, 그 시기에 무엇을 했나요?",경험/행동,자기관리,ALL,ALL,"취업, 이직, 공백기, 시기"
우리 회사가 지원자를 뽑아야 할 이유에 대해서 말해주세요.,목표 비전,선택 기준,ALL,ALL,"회사, 뽑아야 할, 이유"
지원자가 생각하는 5년 후 목표가 있나요?,목표 비전,성과/기여,ALL,ALL,"5년 후, 목표"
본인은 리더형 vs 팔로우형 중 어떤 유형에 더 가깝나요?,협업/커뮤니케이션,리더십,ALL,ALL,"리더형, 팔로우형, 어떤 유형"
지금 지원한 직무와 실제 회사에 들어와서 배정받는 직무가 다른 경우엔 어떻게 대처할 건가요?,직무 핵심 역량,문제해결,ALL,ALL,"지원 직무, 배정 직무, 다른 경우"
"대학원에 진학할 수도 있었을 것 같은데, 산업계로 온 이유가 있나요?",경험/행동,선택 기준,ALL,신입,"대학원, 진학 포기, 산업계, 취업"
"팀 단위의 프로젝트를 할 때, 팀에서 지원자가 협력하는 방법에 대해 말해주세요.",협업/커뮤니케이션,성과/기여,ALL,ALL,"팀 프로젝트, 협력, 방식"
팀에서 퍼포먼스가 떨어지는 인원이 있을 경우에 어떻게 대처할 건가요?,협업/커뮤니케이션,리더십,ALL,ALL,"퍼포먼스, 떨어지는, 동료, 대처"
"해당 회사가 다른 경쟁사들과 비교했을 때 가지는 차별점, 경쟁력은 무엇이라고 생각하나요?",회사/제품 이해,기타,ALL,ALL,"경쟁사, 비교, 차별점, 경쟁력, 무엇"
지원자가 회사를 선택할 때의 기준이 무엇인가요? 우리 회사는 그 기준에 적합한가요?,회사/제품 이해,선택 기준,ALL,ALL,"회사, 선택, 기준, 적합"
우리 회사의 경쟁력이 무엇이라고 생각하시나요?,회사/제품 이해,기타,ALL,ALL,"우리, 경쟁력, 무엇"
"우리 회사 제품의 문제점이 있다면, 어떤 게 있을까요?",회사/제품 이해,기타,ALL,ALL,"제품, 문제점"
지원자의 강점이 우리 직무에 왜 필요하다고 생각하시나요?,직무 핵심 역량,성과/기여,ALL,ALL,"강점, 직무, 필요"
본인의 성공 경험과 실패 경험에 대해 말해주세요.,경험/행동,자기관리,ALL,ALL,"성공, 경험, 실패"
지원한 직무에서 핵심 성과 지표를 설정한다면 무엇이라고 생각하시나요?,직무 핵심 역량,성과/기여,ALL,ALL,"핵심, 성과, 지표, 설정"
혼자 일하는 것과 팀으로 일하는 것 중에 어떤 업무방법을 더 선호하세요?,협업/커뮤니케이션,선택 기준,ALL,ALL,"혼자, 팀, 선택, 업무, 방법, 선호"
팀 프로젝트에서 팀원들을 리딩해본 경험이 있나요?,협업/커뮤니케이션,리더십,ALL,리더,"팀 프로젝트, 팀원, 리딩, 경험"
팀원들과 협업하면서 불만족스러웠던 부분이 있나요?,협업/커뮤니케이션,기타,ALL,ALL,"팀원, 협업, 불만족, 부분"
지원한 직무에서 협업 및 커뮤니케이션 스킬이 왜 중요하다고 생각하시나요?,협업/커뮤니케이션,기타,ALL,ALL,"협업, 커뮤니케이션, 스킬, 중요"
"회사에 입사해서 열심히 일을 했는데, 그만큼의 인정이나 보상이 따르지 않을 경우엔 어떻게 하실 건가요?",회사/제품 이해,문제해결,ALL,ALL,"입사 후, 인정, 보상, 경우"
인생에서 가장 도전적이었던 경험이 있다면 말해주세요.,경험/행동,자기관리,ALL,ALL,"인생, 가장, 도전적, 경험"
살면서 가장 힘들었던 경험이 있다면 말해주세요.,경험/행동,문제해결,ALL,주니어,"인생, 가장, 힘듦, 경험"
팀 동료와 갈등이 발생한다면 어떻게 해결하실 건가요?,협업/커뮤니케이션,문제해결,ALL,주니어,"동료, 갈등, 발생, 해결"
"다른 기업에서 동일한 직무가 있는데, 꼭 해당 회사에 입사해야하는 이유가 있나요?",회사/제품 이해,선택 기준,ALL,ALL,"다른 기업, 동일 직무, 우리 회사, 입사 이유"
우리 회사 제품에 대해 아는대로 다 말해보세요.,회사/제품 이해,기타,ALL,ALL,"제품, 아는대로"
우리 회사가 어떤 방향으로 나아가야 한다고 생각하시나요?,회사/제품 이해,성과/기여,ALL,ALL,"우리, 어떤 방향으로, 생각"
다른 지원자들과 차별화되는 지원자만의 강점이 있다면 말해주세요.,직무 핵심 역량,자기관리,ALL,ALL,"다른 지원자, 차별화, 강점"
지원자가 회사를 선택하는 기준은 무엇인가요?,회사/제품 이해,선택 기준,ALL,ALL,"회사, 선택, 기준"
우리 회사의 인재상이 무엇인지 아시나요? 지원자가 그에 적합하다고 생각하시나요?,회사/제품 이해,기타,ALL,ALL,"우리 회사, 인재상, 적합"
지원한 직무에서 가장 중요한 역량이 무엇이라고 생각하시나요?,직무 핵심 역량,문제해결,ALL,ALL,"가장, 중요, 역량"
상사의 부당한 지시가 있다면 어떻게 대처하실 건가요?,기타,문제해결,ALL,ALL,"상사, 부당, 지시, 대처"
노동조합에 대해 어떻게 생각하시나요?,경험/행동,자기관리,ALL,ALL,"노동조합, 생각"
살면서 가장 노력했던 경험이 있다면 말해주세요.,회사/제품 이해,기타,ALL,ALL,"가장, 노력, 경험"
"마케팅 분야에서 가장 중요하다고 생각하는 트렌드는 무엇이며, 왜 그렇게 생각하나요?",직무 핵심 역량,성과/기여,MARKETING,ALL,"마케팅, 가장, 중요, 트렌드, 왜"
우리 브랜드를 어떻게 개선하거나 성장시킬 수 있는지 구체적인 전략을 제시해주세요.,회사/제품 이해,문제해결,MARKETING,ALL,"브랜드, 개선, 성장, 구체적, 전략"
"지금까지 진행한 마케팅 캠페인 중 가장 성공적이었다고 생각하는 것은 무엇인가요, 그리고 그 이유는 무엇인가요?",경험/행동,성과/기여,MARKETING,주니어,"지금까지, 진행, 마케팅, 캠페인, 가장, 성공"
소셜 미디어 마케팅의 효과를 어떻게 측정할 수 있나요?,직무 핵심 역량,문제해결,MARKETING,리더,"소셜 미디어 마케팅, 효과, 측정"
"당신이 생각하는 실패한 마케팅 캠페인 사례는 무엇이며, 그 원인은 무엇이라고 생각하나요?",경험/행동,성과/기여,MARKETING,ALL,"실패, 마케팅, 사례, 원인"
"마케팅 트렌드 중 하나를 선택하고, 이 트렌드가 우리 회사에 어떻게 적용될 수 있는지 설명해주세요.",회사/제품 이해,문제해결,MARKETING,주니어,"마케팅, 트렌드, 하나 선택, 우리 회사, 적용"
"가장 선호하는 마케팅 도구나 소프트웨어는 무엇이며, 왜 그렇게 생각하나요?",직무 핵심 역량,기타,MARKETING,ALL,"가장, 선호, 도구, 소프트웨어"
효과적인 컨텐츠 마케팅 전략은 무엇이라고 생각하나요?,직무 핵심 역량,기타,MARKETING,ALL,"효과적, 컨텐츠, 마케팅, 전략"
마케팅 데이터를 분석할 때 어떤 지표들을 주로 고려하나요?,직무 핵심 역량,기타,MARKETING,ALL,"데이터, 분석, 어떤, 지표, 고려"
"인사 관리에서 가장 중요하다고 생각하는 요소는 무엇이며, 그 이유는 무엇인가요?",회사/제품 이해,기타,HR,ALL,"인사 관리, 가장, 중요, 요소, 이유"
조직 문화를 개선하기 위해 구체적으로 어떤 전략을 사용하겠습니까?,협업/커뮤니케이션,문제해결,HR,ALL,"조직, 문화, 개선, 구체적, 전략, 사용"
"직원 성과 관리를 어떻게 접근하고, 어떤 도구를 사용하나요?",협업/커뮤니케이션,문제해결,HR,ALL,"성과, 관리, 접근, 도구"
"직원 이직률을 줄이기 위한 전략은 무엇이며, 그 전략의 효과는 어떻게 평가하나요?",직무 핵심 역량,문제해결,HR,ALL,"이직률, 줄이기, 전략, 효과, 평가"
"최근에 직면했던 HR 관련 도전과제는 무엇이었으며, 어떻게 해결했나요?",경험/행동,문제해결,HR,ALL,"최근, 직면, HR, 도전과제, 해결"
우리 부서와 다른 부서간의 협력을 어떻게 강화할 계획인가요?,회사/제품 이해,문제해결,HR,ALL,"다른, 부서간, 협력, 강화, 계획"
채용 프로세스를 개선하기 위해 어떤 노력을 기울일 것인가요?,회사/제품 이해,문제해결,HR,ALL,"채용, 프로세스, 개선, 노력"
직원의 동기 부여와 직무 만족도를 높이는 데 있어 가장 효과적인 전략은 무엇이라고 생각하나요?,직무 핵심 역량,문제해결,HR,ALL,"동기 부여, 만족도, 높이기, 가장, 효과적, 전략"
"인사 관리에서 데이터 분석의 역할은 어떻게 보나요, 그리고 어떻게 활용하나요?",회사/제품 이해,기타,HR,ALL,"인사 관리, 데이터 분석, 역할, 활용"
"당신이 생각하는 IT 기획의 가장 중요한 요소는 무엇이며, 왜 그렇게 생각하나요?",회사/제품 이해,기타,PLANNER,ALL,"IT, 기획, 가장, 중요, 요소"
"과거에 참여한 IT 프로젝트 중 가장 성공적이었다고 생각하는 프로젝트는 무엇이며, 그 이유는 무엇인가요?",경험/행동,성과/기여,PLANNER,ALL,"과거, IT, 프로젝트, 가장, 성공, 이유"
프로젝트 예산 초과를 방지하기 위한 전략은 무엇인가요?,직무 핵심 역량,문제해결,PLANNER,ALL,"프로젝트, 예산, 초과, 방지, 전략"
"대규모 IT 프로젝트를 계획할 때 가장 큰 도전은 무엇이었고, 어떻게 극복했나요?",경험/행동,문제해결,PLANNER,ALL,"대규모, IT, 계획, 가장, 도전, 극복"
팀과의 커뮤니케이션을 어떻게 관리하나요? 효과적인 커뮤니케이션을 위한 전략에는 무엇이 포함되나요?,협업/커뮤니케이션,문제해결,PLANNER,ALL,"팀, 커뮤니케이션, 관리, 효과적, 전략, 무엇, 포함"
기술적 문제 해결을 위해 접근하는 방식을 설명해 주세요. 구체적인 예를 들어서 설명해 주세요.,직무 핵심 역량,기타,PLANNER,ALL,"기술적, 문제 해결, 접근, 방식, 구체적, 예"
프로젝트 범위가 중간에 변경될 때 어떻게 대응하나요?,직무 핵심 역량,문제해결,PLANNER,ALL,"프로젝트, 범위, 중간, 변경, 대응"
"IT 프로젝트 기획에서 가장 선호하는 프로젝트 관리 도구는 무엇이며, 그 이유는 무엇인가요?",회사/제품 이해,기타,PLANNER,ALL,"IT, 프로젝트, 기획, 가장, 선호, 관리, 도구, 무엇, 이유"
지금까지 경험에서 배운 IT 프로젝트 관리의 가장 중요한 교훈은 무엇인가요?,경험/행동,문제해결,PLANNER,ALL,"경험, 배운, IT, 프로젝트, 관리, 도구, 무엇, 이유"
영업 직무에 지원한 동기와 이 직무가 자신에게 적합하다고 생각하는 이유는 무엇인가요?,회사/제품 이해,자기관리,SALES,ALL,"영업, 동기, 적합, 이유"
지금까지 달성한 가장 큰 영업 성공 사례를 소개해 주세요. 그 과정에서 어떤 전략을 사용했나요?,경험/행동,문제해결,SALES,ALL,"달성, 가장, 영업, 성공, 사례, 과정, 전략"
"고객의 구매 결정 과정을 어떻게 이해하고, 이를 기반으로 어떻게 영업 전략을 수립하나요?",직무 핵심 역량,성과/기여,SALES,ALL,"고객, 구매, 결정, 과정, 이해, 영업, 전략, 수립"
"어려운 고객을 만났을 때, 그 상황을 어떻게 관리할 것인가요?",직무 핵심 역량,문제해결,SALES,ALL,"어려운, 고객, 상황, 관리"
"신제품이나 서비스를 시장에 소개할 때, 어떤 접근 방식을 사용하나요?",직무 핵심 역량,기타,SALES,ALL,"신제품, 서비스, 시장, 소개, 접근, 방식"
경쟁사 제품과 비교했을 때 우리 제품의 강점과 약점은 무엇이라고 생각하나요?,회사/제품 이해,문제해결,SALES,ALL,"경쟁사 제품, 비교, 우리 제품, 강점, 약점"
팀 영업 환경에서 다른 팀원들과 어떻게 협력하나요? 정보를 수집하고 분석하는 과정을 설명해주세요.,협업/커뮤니케이션,성과/기여,SALES,ALL,"팀 환경, 팀원, 협력, 정보, 수집, 분석, 과정, 설명"
자신이 관리하는 영업 파이프라인을 어떻게 관리할 것인가요? 우선순위를 설정하고 결과를 모니터링하는 방법에 대해 설명해주세요.,직무 핵심 역량,자기관리,SALES,ALL,"관리, 영업, 파이프라인, 관리, 우선순위, 설정, 결과, 모니터링, 방법"
최근에 작업한 프로젝트에서 사용한 프로그래밍 언어와 기술 스택은 무엇인가요?,경험/행동,기타,DEVOPS,ALL,"최근, 작업, 프로젝트, 프로그래밍, 언어, 기술, 스택"
객체지향 프로그래밍의 주요 원칙에 대해 설명해 주세요.,회사/제품 이해,기타,DEVOPS,ALL,"객체지향 프로그래밍, 주요 원칙, 설명"
코드 리뷰의 중요성에 대해 어떻게 생각하나요?,직무 핵심 역량,자기관리,DEVOPS,ALL,"코드 리뷰, 중요성"
효율적인 디버깅 전략은 무엇이라고 생각하나요?,직무 핵심 역량,기타,DEVOPS,ALL,"효율적, 디버깅, 전략"
"대규모 시스템 설계 경험이 있다면, 그 과정에서 가장 중요하게 고려한 점은 무엇이었나요?",경험/행동,문제해결,DEVOPS,ALL,"대규모, 시스템, 설계, 경험, 과정, 가장, 중요, 고려"
Agile 개발 방법론에 대해 어떻게 생각하나요?,직무 핵심 역량,기타,DEVOPS,ALL,"Agile, 개발, 방법론"
RESTful API 설계 시 고려해야 할 주요 사항은 무엇인가요?,직무 핵심 역량,문제해결,DEVOPS,ALL,"RESTful API, 설계, 고려, 주요 사항"
성능 최적화를 위해 어떤 기술이나 방법을 사용했나요?,경험/행동,성과/기여,DEVOPS,ALL,"성능 최적화, 어떤, 기술, 방법, 사용"
Git 같은 버전 관리 시스템을 사용할 때의 장점을 무엇이라고 생각하나요?,회사/제품 이해,기타,DEVOPS,ALL,"Git, 관리, 시스템, 장점"
컨테이너화가 가지는 이점에 대해 설명해주세요.,회사/제품 이해,기타,DEVOPS,ALL,"컨테이너화, 이점"
단위 테스트의 중요성에 대해 설명해 주세요.,회사/제품 이해,기타,DEVOPS,ALL,"단위 테스트, 중요성"
최근에 관심을 가지고 있는 새로운 프로그래밍 언어나 기술은 무엇인가요?,직무 핵심 역량,기타,DEVOPS,주니어,"최근, 관심, 새로운, 프로그래밍 언어, 기술"
가장 성공적이었다고 생각하는 데이터 분석 프로젝트는 무엇인가요?,경험/행동,성과/기여,DATA,ALL,"가장, 성공, 데이터, 분석, 프로젝트"
결측치를 처리하는 여러 방법에 대해 설명해 주세요.,직무 핵심 역량,기타,DATA,ALL,"결측치, 처리, 여러, 방법"
과적합을 방지하는 기술에는 어떤 것들이 있나요?,직무 핵심 역량,문제해결,DATA,ALL,"과적합, 방지, 기술"
머신 러닝 모델을 평가할 때 사용한 경험이 있는 툴이나 프레임워크는 무엇인가요?,경험/행동,선택 기준,DATA,ALL,"머신 러닝, 모델, 평가, 사용, 경험, 툴, 프레임워크"
A/B 테스팅의 중요성에 대해 설명해주세요.,직무 핵심 역량,기타,DATA,ALL,"A/B 테스팅, 중요성"
피처 엔지니어링의 중요성에 대해 설명해주세요.,직무 핵심 역량,기타,DATA,ALL,"피처 엔지니어링, 중요성"
최근에 집중하고 있는 머신러닝이나 딥러닝의 트렌드는 무엇인가요?,직무 핵심 역량,기타,DATA,ALL,"최근, 집중, 머신 러닝, 딥러닝, 트렌드"
시계열 데이터 분석에서의 주요 과제는 무엇이라고 생각하나요?,직무 핵심 역량,문제해결,DATA,ALL,"시계열 데이터, 분석, 주요 과제, 무엇"
모델의 해석 가능성을 높이지 위해 어떤 방법을 사용했나요?,경험/행동,문제해결,DATA,ALL,"모델, 해석, 가능성, 높이기, 방법"
큰 데이터 세트에서 유의미한 인사이트를 도출한 경험에 대해 설명해 주세요.,경험/행동,성과/기여,DATA,ALL,"데이터, 세트, 유의미, 인사이트, 도출, 경험"
"데이터 과학 프로젝트에서 실패한 경험에 대해 설명하고, 그로부터 어떤 교훈을 얻었나요?",경험/행동,성과/기여,DATA,ALL,"데이터, 과학, 프로젝트, 실패, 경험, 설명, 교훈"
"가장 도전적이었던 기계 설계 프로젝트는 무엇이었나요, 그리고 어떻게 해결했나요?",경험/행동,문제해결,ENGINEER,ALL,"가장, 도전적, 기계, 설계, 프로젝트, 해결"
CAD 소프트웨어를 사용한 경험에 대해 설명해주세요.,경험/행동,성과/기여,ENGINEER,ALL,"CAD 소프트웨어, 사용, 경험"
기계적 실패를 분석하고 해결하기 위한 당신의 접근 방식은 무엇인가요?,직무 핵심 역량,문제해결,ENGINEER,ALL,"기계적, 실패, 분석, 해결, 접근, 방식"
열역학의 원리를 실제 설계에 어떻게 적용했나요?,경험/행동,성과/기여,ENGINEER,ALL,"열역학 원리, 실제 설계, 적용"
진동 분석에 대해 당신의 경험은 어떤가요?,경험/행동,기타,ENGINEER,ALL,"진동 분석, 경험"
제품 개발 과정에서 기능성과 비율 효율성 사이에서 어떻게 균형에 맞췄나요?,경험/행동,문제해결,ENGINEER,ALL,"제품, 개발, 과정, 기능성, 비율, 효율성, 사이, 균형"
"최신 제조 기술 중 어떤 기술에 가장 관심이 있나요, 그리고 그 이유는 무엇인가요?",직무 핵심 역량,자기관리,ENGINEER,ALL,"최신, 제조 기술, 가장, 관심, 이유"
프로젝트 관리 경험에 대해 설명해 주세요. 어떤 도구나 방법론을 사용했나요?,경험/행동,문제해결,ENGINEER,ALL,"프로젝트, 관리, 경험, 설명, 어떤, 도구, 방법론"
"팀 프로젝트에서 겪은 가장 큰 어려움은 무엇이었고, 어떻게 극복했나요?",경험/행동,문제해결,ENGINEER,ALL,"팀 프로젝트, 가장, 어려움, 무엇, 어떻게, 극복"
유체 역학을 실제 설계 문제에 어떻게 적용했나요?,경험/행동,성과/기여,ENGINEER,ALL,"유체 역학, 실제 설계, 적용"
기계 시스템에서 에너지 효율성을 개선하기 위한 전략은 무엇인가요?,직무 핵심 역량,기타,ENGINEER,ALL,"기계 시스템, 에너지 효율성, 개선, 전략"
최근 기계 엔지니어링 분야에서 관심을 가지고 있는 연구 주제나 기술은 무엇인가요?,직무 핵심 역량,자기관리,ENGINEER,ALL,"최근, 기계, 엔지니어링, 관심, 연구 주제, 기술"
이전 직장에서 어떤 성과를 이루었나요?,경험/행동,성과/기여,ALL,ALL,"이전 직장, 성과"
예상치 못한 문제에 직면했을 때 어떻게 대처하나요?,직무 핵심 역량,문제해결,ALL,ALL,"예상치 못한, 문제, 직면, 대처"
5년 후 자신의 모습을 그려보세요.,경험/행동,성과/기여,ALL,ALL,"5년 후, 모습"
우리 회사에서 어떤 성과를 이루고 싶나요?,회사/제품 이해,성과/기여,ALL,ALL,"어떤, 성과, 이루다"
우리 회사의 비전을 어떻게 생각하나요?,회사/제품 이해,기타,ALL,ALL,"비전, 어떻게, 생각"
자신의 직무에서 가장 중요하다고 생각하는 것은 무엇인가요?,회사/제품 이해,기타,ALL,ALL,"가장, 중요, 생각, 무엇, 직무"
회사에 원하는 복지는 무엇인가요?,회사/제품 이해,기타,ALL,ALL,"원하는, 복지"
어떻게 자신의 성과를 측정할 것인가요?,직무 핵심 역량,성과/기여,ALL,ALL,"어떻게, 성과, 측정"
부서 내 비판을 받을 때 어떻게 반응할 것인가요?,경험/행동,문제해결,ALL,ALL,"비판, 어떻게, 반응"
어떤 업무 환경이 주어져야 가장 잘 일할 수 있나요?,직무 핵심 역량,자기관리,ALL,ALL,"업무 환경, 가장, 잘, 일하다"
학창 시절에 어떤 과목을 좋아했나요?,경험/행동,기타,ALL,ALL,"학창시절, 좋아하는, 과목"
직무 관련 최신 트렌드에 대해 이야기해보세요.,직무 핵심 역량,기타,ALL,ALL,"최신, 트렌드"
자신의 창의력을 발휘했던 경험에 대해 말해보세요.,경험/행동,성과/기여,ALL,ALL,"창의력, 발휘, 경험"
상사와 의견이 다를 때 어떻게 설득할 것인가요?,경험/행동,문제해결,ALL,ALL,"상사, 의견, 다름, 설득"
다양한 업무를 동시에 처리하는 방법은 무엇인가요?,직무 핵심 역량,문제해결,ALL,ALL,"다양한, 업무, 동시 처리, 방법"
회사의 발전을 위해 제안할 것이 있나요?,회사/제품 이해,성과/기여,ALL,ALL,"발전, 제안"
지금까지 커리어에서 가장 자랑스러운 순간은 무엇인가요?,경험/행동,성과/기여,ALL,ALL,"지금까지, 커리어, 가장, 자랑스러운, 순간"
직장 내에서의 윤리에 대해 어떻게 생각하나요?,기타,자기관리,ALL,ALL,"윤리, 생각"
자신의 성공을 정의해보세요.,목표 비전,성과/기여,ALL,ALL,"자신, 성공, 정의"
지금까지의 경력에서 배운 가장 중요한 교훈은 무엇인가요?,경험/행동,자기관리,ALL,ALL,"경력, 배운, 가장, 중요, 교훈"
새로운 팀에 합류했을 때 어떻게 적응하나요?,협업/커뮤니케이션,문제해결,ALL,리더,"새로운, 팀, 합류, 어떻게, 적응"
자신의 시간 관리 전략에 설명해보세요.,직무 핵심 역량,자기관리,ALL,ALL,"시간, 관리, 전략, 설명"
직장 내에서 자신만의 동기부여 방법은 무엇인가요?,목표 비전,자기관리,ALL,ALL,"자신만의, 동기부여, 방법"
업무 중 긴급 상황에 대해 어떻게 대처하시겠습니까?,직무 핵심 역량,문제해결,ALL,ALL,"긴급 상황, 대처"
본인의 실수를 인정하고 수정했던 경험이 있나요?,경험/행동,문제해결,ALL,ALL,"실수, 인정, 수정, 경험"
직무와 관련된 강의를 수강한 적이 있나요? 어떤 내용이었나요?,경험/행동,기타,ALL,ALL,"관련, 강의, 수강, 내용"
팀 프로젝트에서 자신의 역할을 설명해보세요.,협업/커뮤니케이션,성과/기여,ALL,ALL,"팀 프로젝트, 자신, 역할, 설명"
고객 불만을 처리했던 경험을 설명해 보세요.,경험/행동,문제해결,ALL,ALL,"고객, 불만, 처리, 경험"
해당 업무의 자신의 성과가 회사에 어떻게 기여할 수 있을까요?,목표 비전,성과/기여,ALL,ALL,"성과, 회사, 기여"
직장에서 피드백을 어떻게 수용하나요?,경험/행동,자기관리,ALL,ALL,"피드백, 수용"
회사를 위해 추가적인 노력을 한 경험이 있나요?,경험/행동,성과/기여,ALL,ALL,"위해, 추가적, 노력, 경험"
단기적인 목표와 장기적인 목표를 어떻게 조화시키나요?,직무 핵심 역량,자기관리,ALL,ALL,"단기, 목표, 장기, 조화"
직무와 관련된 자격증이 있나요? 어떻게 취득했나요?,직무 핵심 역량,기타,ALL,ALL,"관련, 자격증, 취득"
자신의 결정이 옳지 않았음을 알게 되었을 때 어떻게 대처하나요?,직무 핵심 역량,문제해결,ALL,ALL,"결정, 옳지 않았음, 어떻게 대처"
직무와 관련된 최근 뉴스를 하나 소개해보세요.,직무 핵심 역량,기타,ALL,ALL,"관련, 최근, 뉴스, 하나, 소개"
자신의 경력 개발 계획을 설명해보세요.,목표 비전,자기관리,ALL,ALL,"경력, 개발, 계획"
업무 효율성을 높이기 위해 사용한 도구나 방법이 있나요?,경험/행동,성과/기여,ALL,ALL,"효율성, 높이기, 사용, 도구, 방법"
회사의 경쟁사는 어느 기업이며 그 기업을 어떻게 분석하나요?,회사/제품 이해,기타,ALL,ALL,"경쟁사, 기업, 어떻게, 분석"
자신의 성과를 객관적으로 평가해본 경험이 있나요?,직무 핵심 역량,자기관리,ALL,ALL,"성과, 객관적, 평가, 경험"
학점이 좋지 않은데 이유가 무엇인가요?,기타,자기관리,ALL,ALL,"학점, 좋지 않음, 이유"
전공을 선택하게 된 계기가 무엇인가요?,경험/행동,선택 기준,ALL,ALL,"전공, 선택, 계기"
지원하는 분야와 전공이 맞지 않은데 지원한 이유가 무엇인가요?,경험/행동,선택 기준,ALL,ALL,"지원 분야, 전공, 맞지 않음, 지원 계기"
재학시절 긴 공백이 있는데 이 기간 동안 무엇을 하였나요?,경험/행동,자기관리,ALL,ALL,"재학 시절, 공백기, 무엇"
전공에서 가장 관심 있었던 강의와 그 이유에 대해서 설명해 보세요.,경험/행동,기타,ALL,ALL,"전공, 가장, 관심, 강의, 이유, 설명"
전공과 직무의 관련성을 설명해 보세요.,직무 핵심 역량,기타,ALL,ALL,"전공, 직무, 관련성"
학교 생활을 오래한 이유가 무엇인가요?,경험/행동,기타,ALL,ALL,"학교 생활, 오래, 이유"
인생에서 가장 열정적이었던 순간은 언제였나요?,경험/행동,자기관리,ALL,ALL,"인생, 가장, 열정적, 순간, 언제"
친구들은 당신을 어떤 사람이라고 설명하나요?,기타,자기관리,ALL,ALL,"친구, 어떤 사람, 설명"
입사 후 포부에 대해 설명해 보세요.,목표 비전,성과/기여,ALL,ALL,"입사 후, 포부, 설명"
우리 회사를 알게 된 계기 무엇인가요?,회사/제품 이해,기타,ALL,ALL,"회사, 알게 된, 계기"
우리 회사말고 면접을 본 다른 기업이 있나요?,회사/제품 이해,선택 기준,ALL,ALL,"다른 기업, 면접"
직무가 바뀌어도 괜찮은가요?,회사/제품 이해,기타,ALL,ALL,"직무, 바뀜"
지원 분야의 대한 지식과 향후 발전 방향에 대해 설명해 보세요.,회사/제품 이해,기타,ALL,ALL,"지식, 향후 발전 방향, 설명"
해당 직무에 대해 언제 알게 되었나요?,회사/제품 이해,기타,ALL,ALL,"언제, 알게 됨"
출장이 잦을 수도 있는데 어떻게 생각하나요?,기타,문제해결,ALL,ALL,"출장, 생각"
고객이 불만사항을 제기하면 어떻게 대처하겠나요?,직무 핵심 역량,문제해결,ALL,ALL,"고객, 불만 사항, 제기, 대처"
"상사가 주말 근무, 야근을 지시한다면 어떻게 할 것인가?",기타,문제해결,ALL,ALL,"상사, 주말 근무, 야근, 지시, 대처"
해외에서 근무를 하게 되어도 상관없는가?,기타,문제해결,ALL,ALL,"해외, 근무"
거래처와의 갈등이 있을 경우 어떻게 대처하겠는가?,협업/커뮤니케이션,문제해결,ALL,ALL,"거래처, 갈등, 대처"
어떤 회사가 훌륭한 회사라고 생각하나요?,기타,선택 기준,ALL,ALL,"훌륭한, 회사, 생각"
중소기업을 선택한 이유는 무엇인가요?,회사/제품 이해,선택 기준,ALL,ALL,"중소기업, 선택, 이유"
바람직한 사원상에 대해 본인의 의견을 설명해 보세요.,직무 핵심 역량,자기관리,ALL,ALL,"바람직, 사원상, 의견, 설명"
일과 사생활에 대해서 어떻게 생각하나요?,기타,선택 기준,ALL,ALL,"일, 사생활"
기업의 사회적인 책임은 무엇이라고 생각하나요?,직무 핵심 역량,기타,ALL,리더,"사회적, 책임, 무엇"
본인이 리더로 추진했던 일이 있습니까? 있다면 어떤 성과가 나왔는지 말해보세요.,협업/커뮤니케이션,리더십,ALL,ALL,"리더, 추진, 일, 성과"
자신의 능력 밖을 벗어난 업무가 주어진다면 어떻게 하겠습니까?,직무 핵심 역량,문제해결,ALL,ALL,"능력 밖, 업무, 어떻게"
"유능한 영업인이 되고 싶다고 했는데, 어린 시절의 꿈은 무엇인가요?",목표 비전,자기관리,ALL,ALL,"유능한, 어린 시절, 꿈, 무엇"
인생의 최종 꿈은 무엇인가요?,목표 비전,자기관리,ALL,ALL,"인생, 최종, 꿈"
어떤 경영 스타일일때 자신의 능력이 최대치로 발휘되나요?,직무 핵심 역량,기타,ALL,ALL,"어떤, 경영, 스타일, 능력, 최대치, 발휘"
상사의 말이 확실히 틀렸을 때는 어떻게 할 것인가요?,협업/커뮤니케이션,문제해결,ALL,ALL,"상사, 틀림, 어떻게"
집안이 무너질 때 도와줄 친구는 몇명인가요?,협업/커뮤니케이션,문제해결,ALL,ALL,"집안, 도와줄, 친구"
직원으로서 필요한 덕목이 무엇이라고 생각하나요?,직무 핵심 역량,자기관리,ALL,ALL,"필요, 덕목"
입사 후 회사와 맞지 않는다면 어떻게 하실 건가요?,회사/제품 이해,문제해결,ALL,ALL,"입사 후, 맞지 않음"
당신은 조직에서 어떤 유형의 사람을 싫어하나요?,협업/커뮤니케이션,문제해결,ALL,ALL,"조직, 어떤, 유형, 사람, 싫어함"
"어울리기 힘들었던 사람과 공동의 이익을 만들 수 있었던 경험이 있다면, 그 경험에 대해 말해주세요.",협업/커뮤니케이션,문제해결,ALL,ALL,"어울리기 힘든, 사람, 공동의 이익, 경험"
남이 하기 싫어하는 일을 한 경험이 있나요?,협업/커뮤니케이션,문제해결,ALL,ALL,"하기 싫은, 일, 경험"
대인관계에서 가장 중요하게 생각하는 것은 무엇인가요?,협업/커뮤니케이션,문제해결,ALL,리더,"대인관계, 가장, 중요, 생각"
"봉사활동을 특별히 많이 했는데, 기업의 사회 환원 활동에 대한 본인의 생각은 어떠하나요?",경험/행동,성과/기여,ALL,ALL,"봉사활동, 기업, 사회 환원 활동, 생각"
한 달에 책을 몇 권 정도 읽나요?,경험/행동,기타,ALL,ALL,"한 달, 책"
공익과 사익 중 무엇을 추구해야 한다고 생각하나요?,기타,선택 기준,ALL,ALL,"공익, 사익, 무엇, 추구"
"평소에 결정할 때 과감하게 하는 편입니까, 신중하게 하는 편인가요?",기타,선택 기준,ALL,ALL,"결정, 과감함, 신중함"
만약 당신이 일할 때 로비나 뒷거래가 일어난다면 어떻게 할 것인가요?,경험/행동,문제해결,ALL,주니어,"로비, 뒷거래, 부정, 어떻게"
"우리 회사에 지원했다가 떨어진 이력이 있는데, 그 때는 왜 떨어진 것 같으며, 다시 지원한 이유는 무엇인가요?",회사/제품 이해,문제해결,ALL,ALL,"떨어진 이력, 이유, 다시 지원"
우리 회사에 떨어진다면 어떻게 할 생각인가요?,회사/제품 이해,문제해결,ALL,ALL,"떨어진다면, 어떻게, 생각"
본인의 오늘 면접에 떨어진다면 그 이유가 무엇이 될 것 같나요?,회사/제품 이해,문제해결,ALL,ALL,"면접, 떨어지는, 이유"
다른 지원자에 비해 스펙이 부족한 것 같은데 어떻게 생각하나요?,직무 핵심 역량,자기관리,ALL,ALL,"다른, 스펙, 부족"
스펙이 굉장히 좋은데 왜 이 일을 하려고 하나요?,회사/제품 이해,기타,ALL,ALL,"스펙, 굉장, 지원계기"
해외 경험이 많은데 경비를 어떻게 조달했나요?,경험/행동,자기관리,ALL,ALL,"해외, 경비 조달"
"업무에 도움이 될 만한 자격증이 없는데, 업무 하는데 지장이 있지 않을까요?",직무 핵심 역량,문제해결,ALL,ALL,"업무, 도움, 자격증, 지장"
기존 직원들보다 나이가 많은데 어울릴 수 있나요?,협업/커뮤니케이션,문제해결,ALL,ALL,"기존, 나이, 어울림"
동기들보다 급여 처우가 안 좋다는 것을 알게 된다면 어떻게 대처하실 건가요?,경험/행동,문제해결,ALL,ALL,"동기, 급여 처우, 안 좋음, 대처"
우리 회사 매장에 다녀온 소감이나 개선해야 할 점을 말해보세요.,회사/제품 이해,기타,ALL,ALL,"매장, 소감, 개선"
우리 회사의 이미지에 대해 이야기해주세요.,회사/제품 이해,기타,ALL,ALL,"우리 회사, 이미지"
본인의 차별화된 강점이 있나요?,직무 핵심 역량,자기관리,ALL,ALL,"차별화, 강점"
학업 이외에 시간이나 노력을 열정적으로 투자해 본 경험을 무엇인가요,경험/행동,자기관리,ALL,ALL,"학업, 이외, 시간, 노력, 열정적, 투자, 경험"
전 회사에서 진행했던 프로젝트의 아키텍터를 설명해 보세요.,경험/행동,성과/기여,DEVOPS,ALL,"전 회사, 진행, 프로젝트, 아키텍터, 설명"
AWS 기반 인프라 서비스의 구성 요소들에 대해 설명해 보세요.,직무 핵심 역량,기타,DEVOPS,ALL,"AWS, 인프라, 서비스, 구성, 설명"
실제로 게임을 해킹해본 적이 있나요?,경험/행동,성과/기여,GAME,ALL,"실제, 게임, 해킹"
운영체제 커널 분석을 수행해 본 적이 있나요?,경험/행동,성과/기여,DEVOPS,ALL,"운영체제, 커널, 분석, 수행"
자신이 제출한 포트폴리오를 설명해 보세요.,경험/행동,성과/기여,ALL,ALL,"제출, 포트폴리오, 설명"
마케팅 부서에서 계속 내용이 바뀌면 어떻게 대처할 것인가요?,직무 핵심 역량,문제해결,DEVOPS,ALL,"마케팅, 내용, 계속, 바뀜, 대처"
기존에 종사하던 사업군과 우리 회사의 비즈니스 환경이 많이 다른데 어떻게 적응하고 극복할 생각인가요?,회사/제품 이해,문제해결,ALL,ALL,"기존, 종사, 사업군, 우리 회사, 비즈니스, 환경, 적응, 극복, 생각"
최근 모바일 게임 시장에 대해 어떻게 생각하나요?,직무 핵심 역량,기타,GAME,ALL,"최근, 모바일, 시장, 게임"
"중국에서 잘 되고 있는 모바일 게임은 무엇이 있으며, 왜 성공했는지 설명해 보세요.",직무 핵심 역량,기타,GAME,ALL,"중국, 모바일, 게임, 왜, 성공"
본인이 사용할 줄 아는 언어들의 차이점은 무엇인가요?,직무 핵심 역량,성과/기여,ALL,ALL,"사용, 언어, 차이점"
프로세스와 스레드의 차이점은 무엇인가요?,직무 핵심 역량,기타,DEVOPS,ALL,"프로세스, 스레드, 차이점"
각각 작업물에 대해서는 시간이 얼마나 소요되었나요?,경험/행동,성과/기여,ALL,ALL,"작업물, 시간, 소요"
일상에서 UX를 경험한 적이 있나요?,경험/행동,기타,DEVOPS,ALL,"일상, UX, 경험"
우리 업무에 관해 태국 시장에 대해 설명해보세요.,회사/제품 이해,기타,ALL,ALL,"태국, 시장, 설명"
실습은 어디서 하였고 학교에서 배운 것의 차이는 무엇이었나요?,경험/행동,성과/기여,ALL,ALL,"실습, 어디서, 학교, 배운 것, 차이"
영화관 부가사업 매출 확대방안을 제시해보세요.,직무 핵심 역량,문제해결,ALL,ALL,"영화관, 부가사업, 매출, 확대, 방안, 제시"
우리 회사가 하고 있는 해외 사업에 대해 알고 있나요?,회사/제품 이해,기타,ALL,ALL,"해외 사업, 인지"
본인이 느낀 에너지 공기업의 기업문화의 장점과 단점을 말해보세요.,경험/행동,기타,ALL,ALL,"에너지 공기업, 기업문화, 장점, 단점"
임직원의 자녀 가산점을 노조와 구직자 입장에서 각각 설명해보세요.,직무 핵심 역량,기타,ALL,ALL,"임직원, 자녀, 가산점, 노조, 구직자, 입장, 설명"
단단하게 자신의 연구 분야를 설명하고 자신의 우리 회사에 어떻게 기여할 수 있는지에 대해 설명해보세요.,경험/행동,성과/기여,ALL,ALL,"연구 분야, 설명, 어떻게 기여"
장기적으로 볼 때 가격의 결정 요인이 되는 것은 무엇인가요?,직무 핵심 역량,기타,ALL,ALL,"장기적, 가격, 결정, 요인, 무엇"
